<?xml version="1.0" encoding="UTF-8"?>
<con:soapui-project id="0af17b64-a74e-4dd5-a551-fb7909a8cda9" activeEnvironment="Default" name="Thomas-Bayer" soapui-version="5.6.0" abortOnError="false" runType="SEQUENTIAL" resourceRoot="${projectDir}" xmlns:con="http://eviware.com/soapui/config"><con:settings/><con:interface xsi:type="con:WsdlInterface" id="d7650305-6d50-49e7-8487-31ea979f9db2" wsaVersion="NONE" name="BLZServiceSOAP11Binding" type="wsdl" bindingName="{http://thomas-bayer.com/blz/}BLZServiceSOAP11Binding" soapVersion="1_1" anonymous="optional" definition="http://www.thomas-bayer.com/axis2/services/BLZService?wsdl" xmlns:xsi="http://www.w3.org/2001/XMLSchema-instance"><con:settings/><con:definitionCache/><con:endpoints><con:endpoint>http://www.thomas-bayer.com/axis2/services/BLZService</con:endpoint></con:endpoints><con:operation id="9df5db99-99bd-4ae3-a3bc-d1949cb62e3d" isOneWay="false" action="" name="getBank" bindingOperationName="getBank" type="Request-Response" inputName="" receivesAttachments="false" sendsAttachments="false" anonymous="optional"><con:settings/><con:call id="a4a8f800-96f3-4e3d-89e8-4126f8eb0ef2" name="Request 1"><con:settings><con:setting id="com.eviware.soapui.impl.wsdl.WsdlRequest@request-headers">&lt;xml-fragment/></con:setting></con:settings><con:encoding>UTF-8</con:encoding><con:endpoint>http://www.thomas-bayer.com/axis2/services/BLZService</con:endpoint><con:request><![CDATA[<soapenv:Envelope xmlns:soapenv="http://schemas.xmlsoap.org/soap/envelope/" xmlns:blz="http://thomas-bayer.com/blz/">\r
   <soapenv:Header/>\r
   <soapenv:Body>\r
      <blz:getBank>\r
         <blz:blz>RBI</blz:blz>\r
      </blz:getBank>\r
   </soapenv:Body>\r
</soapenv:Envelope>]]></con:request><con:credentials><con:authType>No Authorization</con:authType></con:credentials><con:jmsConfig JMSDeliveryMode="PERSISTENT"/><con:jmsPropertyConfig/><con:wsaConfig mustUnderstand="NONE" version="200508" action="http://thomas-bayer.com/blz/BLZServicePortType/getBankRequest"/><con:wsrmConfig version="1.2"/></con:call></con:operation></con:interface><con:testSuite id="81dd07b5-d041-41f0-bb6f-2679959b9fab" name="BLZServiceSOAP11Binding TestSuite"><con:settings/><con:runType>SEQUENTIAL</con:runType><con:testCase id="8a4bd69c-42e2-452f-a9a3-9dde007b25a0" failOnError="true" failTestCaseOnErrors="true" keepSession="false" maxResults="0" name="getBank TestCase" searchProperties="true"><con:settings/><con:testStep type="request" id="28678813-bb14-4641-9db3-4763e0c12602" name="getBank"><con:settings/><con:config xsi:type="con:RequestStep" xmlns:xsi="http://www.w3.org/2001/XMLSchema-instance"><con:interface>BLZServiceSOAP11Binding</con:interface><con:operation>getBank</con:operation><con:request name="getBank" id="40cba530-5f4f-4eac-a59b-c07e78b9a16e"><con:settings><con:setting id="com.eviware.soapui.impl.wsdl.WsdlRequest@request-headers">&lt;xml-fragment/></con:setting></con:settings><con:encoding>UTF-8</con:encoding><con:endpoint>http://www.thomas-bayer.com/axis2/services/BLZService</con:endpoint><con:request><![CDATA[<soapenv:Envelope xmlns:soapenv="http://schemas.xmlsoap.org/soap/envelope/" xmlns:blz="http://thomas-bayer.com/blz/">\r
   <soapenv:Header/>\r
   <soapenv:Body>\r
      <blz:getBank>\r
         <blz:blz>10000000</blz:blz>\r
      </blz:getBank>\r
   </soapenv:Body>\r
</soapenv:Envelope>]]></con:request><con:assertion type="Simple Contains" id="040e6d19-1361-4e43-9536-9d2c084c185d" name="Contains"><con:configuration><token>Bundesbank</token><ignoreCase>false</ignoreCase><useRegEx>false</useRegEx></con:configuration></con:assertion><con:credentials><con:authType>No Authorization</con:authType></con:credentials><con:jmsConfig JMSDeliveryMode="PERSISTENT"/><con:jmsPropertyConfig/><con:wsaConfig action="http://thomas-bayer.com/blz/BLZServicePortType/getBankRequest" mustUnderstand="NONE" version="200508"/><con:wsrmConfig version="1.2"/></con:request></con:config></con:testStep><con:testStep type="request" name="getBank2" id="82602b5e-a2eb-4c5a-ba60-13bb0ea2e814"><con:settings/><con:config xsi:type="con:RequestStep" xmlns:xsi="http://www.w3.org/2001/XMLSchema-instance"><con:interface>BLZServiceSOAP11Binding</con:interface><con:operation>getBank</con:operation><con:request name="getBank2" id="9e4a812e-ba71-4f43-be56-aaabacdb7003"><con:settings><con:setting id="com.eviware.soapui.impl.wsdl.WsdlRequest@request-headers">&lt;xml-fragment/></con:setting></con:settings><con:encoding>UTF-8</con:encoding><con:endpoint>http://www.thomas-bayer.com/axis2/services/BLZService</con:endpoint><con:request><![CDATA[<soapenv:Envelope xmlns:soapenv="http://schemas.xmlsoap.org/soap/envelope/" xmlns:blz="http://thomas-bayer.com/blz/">\r
   <soapenv:Header/>\r
   <soapenv:Body>\r
      <blz:getBank>\r
         <blz:blz>37050198</blz:blz>\r
      </blz:getBank>\r
   </soapenv:Body>\r
</soapenv:Envelope>]]></con:request><con:assertion type="SOAP Response" id="6f6136ec-f449-4341-a5e6-0ffb1484402c"/><con:assertion type="SOAP Fault Assertion" id="6c46d7ac-15b5-4728-b10a-ee6a4b0bb519"/><con:assertion type="Simple Contains" id="d8076fe0-cf39-41b4-a090-0b9ae7b8a653" name="Contains"><con:configuration><token>Sparkasse KölnBonn</token><ignoreCase>false</ignoreCase><useRegEx>false</useRegEx></con:configuration></con:assertion><con:credentials><con:authType>No Authorization</con:authType></con:credentials><con:jmsConfig JMSDeliveryMode="PERSISTENT"/><con:jmsPropertyConfig/><con:wsaConfig mustUnderstand="NONE" version="200508"/><con:wsrmConfig version="1.2"/></con:request></con:config></con:testStep><con:testStep type="request" name="getBank3" id="dfdb3799-89f3-4a37-a441-4386e6fd318d"><con:settings/><con:config xsi:type="con:RequestStep" xmlns:xsi="http://www.w3.org/2001/XMLSchema-instance"><con:interface>BLZServiceSOAP11Binding</con:interface><con:operation>getBank</con:operation><con:request name="getBank3" id="b1a1972c-a553-4825-b6e5-f9a3855483e5"><con:settings><con:setting id="com.eviware.soapui.impl.wsdl.WsdlRequest@request-headers">&lt;xml-fragment/></con:setting></con:settings><con:encoding>UTF-8</con:encoding><con:endpoint>http://www.thomas-bayer.com/axis2/services/BLZService</con:endpoint><con:request><![CDATA[<soapenv:Envelope xmlns:soapenv="http://schemas.xmlsoap.org/soap/envelope/" xmlns:blz="http://thomas-bayer.com/blz/">\r
   <soapenv:Header/>\r
   <soapenv:Body>\r
      <blz:getBank>\r
         <blz:blz>10020890</blz:blz>\r
      </blz:getBank>\r
   </soapenv:Body>\r
</soapenv:Envelope>]]></con:request><con:assertion type="SOAP Response" id="05a13758-2158-49c2-b2b0-d3dc97042b59"/><con:assertion type="SOAP Fault Assertion" id="75563eec-f249-453a-bdce-83a846cb51ec"/><con:assertion type="Simple Contains" id="6bbea661-967d-4b97-ac72-6c0da4fd06e1" name="Contains"><con:configuration><token>Bayer Hypo- und Vereinsbank</token><ignoreCase>false</ignoreCase><useRegEx>false</useRegEx></con:configuration></con:assertion><con:credentials><con:authType>No Authorization</con:authType></con:credentials><con:jmsConfig JMSDeliveryMode="PERSISTENT"/><con:jmsPropertyConfig/><con:wsaConfig mustUnderstand="NONE" version="200508"/><con:wsrmConfig version="1.2"/></con:request></con:config></con:testStep><con:testStep type="request" name="getBank4" id="3f11e467-8f04-4f53-993b-3d3a3c2d935e"><con:settings/><con:config xsi:type="con:RequestStep" xmlns:xsi="http://www.w3.org/2001/XMLSchema-instance"><con:interface>BLZServiceSOAP11Binding</con:interface><con:operation>getBank</con:operation><con:request name="getBank4" id="3581d5a7-c067-481e-a115-7527e155754f"><con:settings><con:setting id="com.eviware.soapui.impl.wsdl.WsdlRequest@request-headers">&lt;xml-fragment/></con:setting></con:settings><con:encoding>UTF-8</con:encoding><con:endpoint>http://www.thomas-bayer.com/axis2/services/BLZService</con:endpoint><con:request><![CDATA[<soapenv:Envelope xmlns:soapenv="http://schemas.xmlsoap.org/soap/envelope/" xmlns:blz="http://thomas-bayer.com/blz/">\r
   <soapenv:Header/>\r
   <soapenv:Body>\r
      <blz:getBank>\r
         <blz:blz>50010111</blz:blz>\r
      </blz:getBank>\r
   </soapenv:Body>\r
</soapenv:Envelope>]]></con:request><con:assertion type="SOAP Response" id="f53f5c05-541c-4d0c-a454-f6e0559924dd"/><con:assertion type="SOAP Fault Assertion" id="280d5413-4c92-4f34-a920-2eb40f3da878"/><con:assertion type="Simple Contains" id="7086bdcb-b0bc-4277-99fe-54f8e3e5488d" name="Contains"><con:configuration><token>SEB</token><ignoreCase>false</ignoreCase><useRegEx>false</useRegEx></con:configuration></con:assertion><con:credentials><con:authType>No Authorization</con:authType></con:credentials><con:jmsConfig JMSDeliveryMode="PERSISTENT"/><con:jmsPropertyConfig/><con:wsaConfig mustUnderstand="NONE" version="200508"/><con:wsrmConfig version="1.2"/></con:request></con:config></con:testStep><con:testStep type="request" name="getBank5" id="145bb850-e5e8-4c8a-be22-fd0e370316aa"><con:settings/><con:config xsi:type="con:RequestStep" xmlns:xsi="http://www.w3.org/2001/XMLSchema-instance"><con:interface>BLZServiceSOAP11Binding</con:interface><con:operation>getBank</con:operation><con:request name="getBank5" id="bc74489c-22c2-412f-bb57-c6c1b973eb20"><con:settings><con:setting id="com.eviware.soapui.impl.wsdl.WsdlRequest@request-headers">&lt;xml-fragment/></con:setting></con:settings><con:encoding>UTF-8</con:encoding><con:endpoint>http://www.thomas-bayer.com/axis2/services/BLZService</con:endpoint><con:request><![CDATA[<soapenv:Envelope xmlns:soapenv="http://schemas.xmlsoap.org/soap/envelope/" xmlns:blz="http://thomas-bayer.com/blz/">\r
   <soapenv:Header/>\r
   <soapenv:Body>\r
      <blz:getBank>\r
         <blz:blz>70011900</blz:blz>\r
      </blz:getBank>\r
   </soapenv:Body>\r
</soapenv:Envelope>]]></con:request><con:assertion type="SOAP Response" id="7eb62d39-bb57-4970-8934-ef52d3f83cc7"/><con:assertion type="SOAP Fault Assertion" id="576279ca-23fb-43fb-bd61-7285bb7d529a"/><con:assertion type="Simple Contains" id="583ea70d-ff04-457d-ac04-f4d3f5064336" name="Contains"><con:configuration><token>InterCard</token><ignoreCase>false</ignoreCase><useRegEx>false</useRegEx></con:configuration></con:assertion><con:credentials><con:authType>No Authorization</con:authType></con:credentials><con:jmsConfig JMSDeliveryMode="PERSISTENT"/><con:jmsPropertyConfig/><con:wsaConfig mustUnderstand="NONE" version="200508"/><con:wsrmConfig version="1.2"/></con:request></con:config></con:testStep><con:properties/></con:testCase><con:properties/></con:testSuite><con:properties/><con:wssContainer/><con:oAuth2ProfileContainer/><con:oAuth1ProfileContainer/></con:soapui-project>