<?xml version="1.0" encoding="UTF-8"?>
<con:soapui-project id="84555efc-5dd6-448c-9221-921a231af4f9" activeEnvironment="Default" name="isbnservice" resourceRoot="${projectDir}" soapui-version="5.6.0" abortOnError="false" runType="SEQUENTIAL" xmlns:con="http://eviware.com/soapui/config"><con:settings/><con:interface xsi:type="con:WsdlInterface" id="228b4690-0356-475f-ab24-57dda88909fa" wsaVersion="NONE" name="ISBNServiceSoapBinding" type="wsdl" bindingName="{http://webservices.daehosting.com/ISBN}ISBNServiceSoapBinding" soapVersion="1_1" anonymous="optional" definition="http://webservices.daehosting.com/services/isbnservice.wso?WSDL" xmlns:xsi="http://www.w3.org/2001/XMLSchema-instance"><con:settings/><con:definitionCache type="TEXT" rootPart="http://webservices.daehosting.com/services/isbnservice.wso?WSDL"><con:part><con:url>http://webservices.daehosting.com/services/isbnservice.wso?WSDL</con:url><con:content><![CDATA[<definitions name="ISBNService" targetNamespace="http://webservices.daehosting.com/ISBN" xmlns="http://schemas.xmlsoap.org/wsdl/" xmlns:xs="http://www.w3.org/2001/XMLSchema" xmlns:soap="http://schemas.xmlsoap.org/wsdl/soap/" xmlns:soap12="http://schemas.xmlsoap.org/wsdl/soap12/" xmlns:tns="http://webservices.daehosting.com/ISBN">
  <types>
    <xs:schema elementFormDefault="qualified" targetNamespace="http://webservices.daehosting.com/ISBN">
      <xs:element name="IsValidISBN13">
        <xs:complexType>
          <xs:sequence>
            <xs:element name="sISBN" type="xs:string"/>
          </xs:sequence>
        </xs:complexType>
      </xs:element>
      <xs:element name="IsValidISBN13Response">
        <xs:complexType>
          <xs:sequence>
            <xs:element name="IsValidISBN13Result" type="xs:boolean"/>
          </xs:sequence>
        </xs:complexType>
      </xs:element>
      <xs:element name="IsValidISBN10">
        <xs:complexType>
          <xs:sequence>
            <xs:element name="sISBN" type="xs:string"/>
          </xs:sequence>
        </xs:complexType>
      </xs:element>
      <xs:element name="IsValidISBN10Response">
        <xs:complexType>
          <xs:sequence>
            <xs:element name="IsValidISBN10Result" type="xs:boolean"/>
          </xs:sequence>
        </xs:complexType>
      </xs:element>
    </xs:schema>
  </types>
  <message name="IsValidISBN13SoapRequest">
    <part name="parameters" element="tns:IsValidISBN13"/>
  </message>
  <message name="IsValidISBN13SoapResponse">
    <part name="parameters" element="tns:IsValidISBN13Response"/>
  </message>
  <message name="IsValidISBN10SoapRequest">
    <part name="parameters" element="tns:IsValidISBN10"/>
  </message>
  <message name="IsValidISBN10SoapResponse">
    <part name="parameters" element="tns:IsValidISBN10Response"/>
  </message>
  <portType name="ISBNServiceSoapType">
    <operation name="IsValidISBN13">
      <documentation>The test is done by calculation on the first 12 digits and compare the result with the checksum number at the end. You have to pass a 13 digits number.</documentation>
      <input message="tns:IsValidISBN13SoapRequest"/>
      <output message="tns:IsValidISBN13SoapResponse"/>
    </operation>
    <operation name="IsValidISBN10">
      <documentation>The test is done by calculation on the first 9 digits and compare the result with the checksum number at the end. You have to pass a 10 digits number or 8 digits and an X.</documentation>
      <input message="tns:IsValidISBN10SoapRequest"/>
      <output message="tns:IsValidISBN10SoapResponse"/>
    </operation>
  </portType>
  <binding name="ISBNServiceSoapBinding" type="tns:ISBNServiceSoapType">
    <soap:binding style="document" transport="http://schemas.xmlsoap.org/soap/http"/>
    <operation name="IsValidISBN13">
      <soap:operation soapAction="" style="document"/>
      <input>
        <soap:body use="literal"/>
      </input>
      <output>
        <soap:body use="literal"/>
      </output>
    </operation>
    <operation name="IsValidISBN10">
      <soap:operation soapAction="" style="document"/>
      <input>
        <soap:body use="literal"/>
      </input>
      <output>
        <soap:body use="literal"/>
      </output>
    </operation>
  </binding>
  <binding name="ISBNServiceSoapBinding12" type="tns:ISBNServiceSoapType">
    <soap12:binding style="document" transport="http://schemas.xmlsoap.org/soap/http"/>
    <operation name="IsValidISBN13">
      <soap12:operation soapAction="" style="document"/>
      <input>
        <soap12:body use="literal"/>
      </input>
      <output>
        <soap12:body use="literal"/>
      </output>
    </operation>
    <operation name="IsValidISBN10">
      <soap12:operation soapAction="" style="document"/>
      <input>
        <soap12:body use="literal"/>
      </input>
      <output>
        <soap12:body use="literal"/>
      </output>
    </operation>
  </binding>
  <service name="ISBNService">
    <documentation>DataFlex Web Service to validate ISBN numbers.</documentation>
    <port name="ISBNServiceSoap" binding="tns:ISBNServiceSoapBinding">
      <soap:address location="http://webservices.daehosting.com/services/isbnservice.wso"/>
    </port>
    <port name="ISBNServiceSoap12" binding="tns:ISBNServiceSoapBinding12">
      <soap12:address location="http://webservices.daehosting.com/services/isbnservice.wso"/>
    </port>
  </service>
</definitions>]]></con:content><con:type>http://schemas.xmlsoap.org/wsdl/</con:type></con:part></con:definitionCache><con:endpoints><con:endpoint>http://webservices.daehosting.com/services/isbnservice.wso</con:endpoint></con:endpoints><con:operation id="d27facfb-6e1d-4e03-8659-a13ffa8b1708" isOneWay="false" action="" name="IsValidISBN10" bindingOperationName="IsValidISBN10" type="Request-Response" inputName="" receivesAttachments="false" sendsAttachments="false" anonymous="optional"><con:settings/><con:call id="602aa38a-5faa-4f62-9f4e-c33ec1c7833e" name="Request 1"><con:settings><con:setting id="com.eviware.soapui.impl.wsdl.WsdlRequest@request-headers">&lt;xml-fragment/></con:setting></con:settings><con:encoding>UTF-8</con:encoding><con:endpoint>http://webservices.daehosting.com/services/isbnservice.wso</con:endpoint><con:request><![CDATA[<soapenv:Envelope xmlns:soapenv="http://schemas.xmlsoap.org/soap/envelope/" xmlns:isbn="http://webservices.daehosting.com/ISBN">\r
   <soapenv:Header/>\r
   <soapenv:Body>\r
      <isbn:IsValidISBN10>\r
         <isbn:sISBN>9783161484100</isbn:sISBN>\r
      </isbn:IsValidISBN10>\r
   </soapenv:Body>\r
</soapenv:Envelope>]]></con:request><con:credentials><con:authType>No Authorization</con:authType></con:credentials><con:jmsConfig JMSDeliveryMode="PERSISTENT"/><con:jmsPropertyConfig/><con:wsaConfig mustUnderstand="NONE" version="200508" action="http://webservices.daehosting.com/ISBN/ISBNServiceSoapType/IsValidISBN10Request"/><con:wsrmConfig version="1.2"/></con:call></con:operation><con:operation id="cc427305-c7a6-4f89-9b97-3f299f48546c" isOneWay="false" action="" name="IsValidISBN13" bindingOperationName="IsValidISBN13" type="Request-Response" inputName="" receivesAttachments="false" sendsAttachments="false" anonymous="optional"><con:settings/><con:call id="c00cf97b-3de1-4357-b183-f1cf3ed705bb" name="Request 1"><con:settings><con:setting id="com.eviware.soapui.impl.wsdl.WsdlRequest@request-headers">&lt;xml-fragment/></con:setting></con:settings><con:encoding>UTF-8</con:encoding><con:endpoint>http://webservices.daehosting.com/services/isbnservice.wso</con:endpoint><con:request><![CDATA[<soapenv:Envelope xmlns:soapenv="http://schemas.xmlsoap.org/soap/envelope/" xmlns:isbn="http://webservices.daehosting.com/ISBN">\r
   <soapenv:Header/>\r
   <soapenv:Body>\r
      <isbn:IsValidISBN13>\r
         <isbn:sISBN>1121212121</isbn:sISBN>\r
      </isbn:IsValidISBN13>\r
   </soapenv:Body>\r
</soapenv:Envelope>]]></con:request><con:credentials><con:authType>No Authorization</con:authType></con:credentials><con:jmsConfig JMSDeliveryMode="PERSISTENT"/><con:jmsPropertyConfig/><con:wsaConfig mustUnderstand="NONE" version="200508" action="http://webservices.daehosting.com/ISBN/ISBNServiceSoapType/IsValidISBN13Request"/><con:wsrmConfig version="1.2"/></con:call></con:operation></con:interface><con:testSuite id="cc4bac25-1976-4100-bfcc-60a11110fde1" name="ISBNService TestSuite"><con:settings/><con:runType>SEQUENTIAL</con:runType><con:testCase id="73e08f86-91a5-448a-a7f8-0d8bb7cc2221" failOnError="true" failTestCaseOnErrors="true" keepSession="false" maxResults="0" name="IsValidISBN10 TestCase" searchProperties="true"><con:settings/><con:testStep type="request" id="558bad12-34b6-46cf-8794-0a911f2ea49e" name="IsValidISBN10"><con:settings/><con:config xsi:type="con:RequestStep" xmlns:xsi="http://www.w3.org/2001/XMLSchema-instance"><con:interface>ISBNServiceSoapBinding</con:interface><con:operation>IsValidISBN10</con:operation><con:request name="IsValidISBN10" id="a4f6efbc-84c8-4ec9-accf-4278ff810bb6"><con:settings><con:setting id="com.eviware.soapui.impl.wsdl.WsdlRequest@request-headers">&lt;xml-fragment/></con:setting></con:settings><con:encoding>UTF-8</con:encoding><con:endpoint>http://webservices.daehosting.com/services/isbnservice.wso</con:endpoint><con:request><![CDATA[<soapenv:Envelope xmlns:soapenv="http://schemas.xmlsoap.org/soap/envelope/" xmlns:isbn="http://webservices.daehosting.com/ISBN">\r
   <soapenv:Header/>\r
   <soapenv:Body>\r
      <isbn:IsValidISBN10>\r
         <isbn:sISBN>0764526413</isbn:sISBN>\r
      </isbn:IsValidISBN10>\r
   </soapenv:Body>\r
</soapenv:Envelope>]]></con:request><con:assertion type="Simple Contains" id="ec4e8510-b37a-429c-9f9d-6075b834b2af" name="Contains"><con:configuration><token>true</token><ignoreCase>false</ignoreCase><useRegEx>false</useRegEx></con:configuration></con:assertion><con:credentials><con:authType>No Authorization</con:authType></con:credentials><con:jmsConfig JMSDeliveryMode="PERSISTENT"/><con:jmsPropertyConfig/><con:wsaConfig action="http://webservices.daehosting.com/ISBN/ISBNServiceSoapType/IsValidISBN10Request" mustUnderstand="NONE" version="200508"/><con:wsrmConfig version="1.2"/></con:request></con:config></con:testStep><con:testStep type="request" name="TestCase2" id="c1f2526a-1891-4ae7-b80e-9d27786a4b80"><con:settings/><con:config xsi:type="con:RequestStep" xmlns:xsi="http://www.w3.org/2001/XMLSchema-instance"><con:interface>ISBNServiceSoapBinding</con:interface><con:operation>IsValidISBN10</con:operation><con:request name="TestCase2" id="c4920b98-494b-4bf5-828c-909bf8cbf5d6"><con:settings><con:setting id="com.eviware.soapui.impl.wsdl.WsdlRequest@request-headers">&lt;xml-fragment/></con:setting></con:settings><con:encoding>UTF-8</con:encoding><con:endpoint>http://webservices.daehosting.com/services/isbnservice.wso</con:endpoint><con:request><![CDATA[<soapenv:Envelope xmlns:soapenv="http://schemas.xmlsoap.org/soap/envelope/" xmlns:isbn="http://webservices.daehosting.com/ISBN">\r
   <soapenv:Header/>\r
   <soapenv:Body>\r
      <isbn:IsValidISBN10>\r
         <isbn:sISBN>0061964360</isbn:sISBN>\r
      </isbn:IsValidISBN10>\r
   </soapenv:Body>\r
</soapenv:Envelope>]]></con:request><con:assertion type="SOAP Response" id="e0a357a7-0871-4a7a-89a1-750710a0292d"/><con:assertion type="SOAP Fault Assertion" id="ee1434bf-a815-4eab-8b78-6f27d94992f4"/><con:assertion type="Simple Contains" id="01dadd50-197a-4473-9512-f33b314dc9e7" name="Contains"><con:configuration><token>true</token><ignoreCase>false</ignoreCase><useRegEx>false</useRegEx></con:configuration></con:assertion><con:credentials><con:authType>No Authorization</con:authType></con:credentials><con:jmsConfig JMSDeliveryMode="PERSISTENT"/><con:jmsPropertyConfig/><con:wsaConfig mustUnderstand="NONE" version="200508"/><con:wsrmConfig version="1.2"/></con:request></con:config></con:testStep><con:testStep type="request" name="TestCase3" id="2aa9a3d3-a1b6-4c70-bea4-d54de3ed2c7f"><con:settings/><con:config xsi:type="con:RequestStep" xmlns:xsi="http://www.w3.org/2001/XMLSchema-instance"><con:interface>ISBNServiceSoapBinding</con:interface><con:operation>IsValidISBN10</con:operation><con:request name="TestCase3" id="d1c7bf66-1a43-432a-8fc2-06bf21f6b75f"><con:settings><con:setting id="com.eviware.soapui.impl.wsdl.WsdlRequest@request-headers">&lt;xml-fragment/></con:setting></con:settings><con:encoding>UTF-8</con:encoding><con:endpoint>http://webservices.daehosting.com/services/isbnservice.wso</con:endpoint><con:request><![CDATA[<soapenv:Envelope xmlns:soapenv="http://schemas.xmlsoap.org/soap/envelope/" xmlns:isbn="http://webservices.daehosting.com/ISBN">\r
   <soapenv:Header/>\r
   <soapenv:Body>\r
      <isbn:IsValidISBN10>\r
         <isbn:sISBN>0199535566</isbn:sISBN>\r
      </isbn:IsValidISBN10>\r
   </soapenv:Body>\r
</soapenv:Envelope>]]></con:request><con:assertion type="SOAP Response" id="4d5c05d1-c4c8-4c56-aca2-a5a9b6702dce"/><con:assertion type="SOAP Fault Assertion" id="207aecc8-9d24-4e63-91a7-410206c7464e"/><con:assertion type="Simple Contains" id="5f5c3d45-6fd7-455f-a558-de433a989e12" name="Contains"><con:configuration><token>true</token><ignoreCase>false</ignoreCase><useRegEx>false</useRegEx></con:configuration></con:assertion><con:credentials><con:authType>No Authorization</con:authType></con:credentials><con:jmsConfig JMSDeliveryMode="PERSISTENT"/><con:jmsPropertyConfig/><con:wsaConfig mustUnderstand="NONE" version="200508"/><con:wsrmConfig version="1.2"/></con:request></con:config></con:testStep><con:properties/></con:testCase><con:testCase id="e6fb354f-9942-40ba-a3d5-e6b80f7bffab" failOnError="true" failTestCaseOnErrors="true" keepSession="false" maxResults="0" name="IsValidISBN13 TestCase" searchProperties="true"><con:settings/><con:testStep type="request" id="7a046f6e-8425-4720-ad17-b69bc81dd5c8" name="IsValidISBN13"><con:settings/><con:config xsi:type="con:RequestStep" xmlns:xsi="http://www.w3.org/2001/XMLSchema-instance"><con:interface>ISBNServiceSoapBinding</con:interface><con:operation>IsValidISBN13</con:operation><con:request name="IsValidISBN13" id="93d7f214-c765-42e7-aa3d-03a6dcee5a08"><con:settings><con:setting id="com.eviware.soapui.impl.wsdl.WsdlRequest@request-headers">&lt;xml-fragment/></con:setting></con:settings><con:encoding>UTF-8</con:encoding><con:endpoint>http://webservices.daehosting.com/services/isbnservice.wso</con:endpoint><con:request><![CDATA[<soapenv:Envelope xmlns:soapenv="http://schemas.xmlsoap.org/soap/envelope/" xmlns:isbn="http://webservices.daehosting.com/ISBN">\r
   <soapenv:Header/>\r
   <soapenv:Body>\r
      <isbn:IsValidISBN13>\r
         <isbn:sISBN>9780136019701-</isbn:sISBN>\r
      </isbn:IsValidISBN13>\r
   </soapenv:Body>\r
</soapenv:Envelope>]]></con:request><con:assertion type="Simple Contains" id="594ff627-70db-4d0b-80b5-8948c6321173" name="Contains"><con:configuration><token>true</token><ignoreCase>false</ignoreCase><useRegEx>false</useRegEx></con:configuration></con:assertion><con:credentials><con:authType>No Authorization</con:authType></con:credentials><con:jmsConfig JMSDeliveryMode="PERSISTENT"/><con:jmsPropertyConfig/><con:wsaConfig action="http://webservices.daehosting.com/ISBN/ISBNServiceSoapType/IsValidISBN13Request" mustUnderstand="NONE" version="200508"/><con:wsrmConfig version="1.2"/></con:request></con:config></con:testStep><con:testStep type="request" name="Testcase2" id="1e8b6030-1448-4e53-a022-e0ef30c543f8"><con:settings/><con:config xsi:type="con:RequestStep" xmlns:xsi="http://www.w3.org/2001/XMLSchema-instance"><con:interface>ISBNServiceSoapBinding</con:interface><con:operation>IsValidISBN13</con:operation><con:request name="Testcase2" id="4b5d8a72-e3ea-490c-8ac3-e152b39eb2c8"><con:settings><con:setting id="com.eviware.soapui.impl.wsdl.WsdlRequest@request-headers">&lt;xml-fragment/></con:setting></con:settings><con:encoding>UTF-8</con:encoding><con:endpoint>http://webservices.daehosting.com/services/isbnservice.wso</con:endpoint><con:request><![CDATA[<soapenv:Envelope xmlns:soapenv="http://schemas.xmlsoap.org/soap/envelope/" xmlns:isbn="http://webservices.daehosting.com/ISBN">\r
   <soapenv:Header/>\r
   <soapenv:Body>\r
      <isbn:IsValidISBN13>\r
         <isbn:sISBN>9780989925204</isbn:sISBN>\r
      </isbn:IsValidISBN13>\r
   </soapenv:Body>\r
</soapenv:Envelope>]]></con:request><con:assertion type="SOAP Response" id="6f5d4c71-7bc5-4505-b65b-695c765d9071"/><con:assertion type="SOAP Fault Assertion" id="40224041-3819-446b-83c8-5ba6b02f9f47"/><con:assertion type="Simple Contains" id="feb01f83-c692-4a19-ae17-bf8e3afb9e03" name="Contains"><con:configuration><token>true</token><ignoreCase>false</ignoreCase><useRegEx>false</useRegEx></con:configuration></con:assertion><con:credentials><con:authType>No Authorization</con:authType></con:credentials><con:jmsConfig JMSDeliveryMode="PERSISTENT"/><con:jmsPropertyConfig/><con:wsaConfig mustUnderstand="NONE" version="200508"/><con:wsrmConfig version="1.2"/></con:request></con:config></con:testStep><con:testStep type="request" name="TestCase3" id="d01a802c-931f-495d-bd2d-3b2f07a55d63"><con:settings/><con:config xsi:type="con:RequestStep" xmlns:xsi="http://www.w3.org/2001/XMLSchema-instance"><con:interface>ISBNServiceSoapBinding</con:interface><con:operation>IsValidISBN13</con:operation><con:request name="TestCase3" id="d105cd35-5167-4219-acec-b4effe9c26ee"><con:settings><con:setting id="com.eviware.soapui.impl.wsdl.WsdlRequest@request-headers">&lt;xml-fragment/></con:setting></con:settings><con:encoding>UTF-8</con:encoding><con:endpoint>http://webservices.daehosting.com/services/isbnservice.wso</con:endpoint><con:request><![CDATA[<soapenv:Envelope xmlns:soapenv="http://schemas.xmlsoap.org/soap/envelope/" xmlns:isbn="http://webservices.daehosting.com/ISBN">\r
   <soapenv:Header/>\r
   <soapenv:Body>\r
      <isbn:IsValidISBN13>\r
         <isbn:sISBN>9781910468579</isbn:sISBN>\r
      </isbn:IsValidISBN13>\r
   </soapenv:Body>\r
</soapenv:Envelope>]]></con:request><con:assertion type="SOAP Response" id="d68eb578-6279-483a-9f3a-b448b8442eeb"/><con:assertion type="SOAP Fault Assertion" id="b07b58d4-57ff-44b6-b2eb-b1555f25d015"/><con:assertion type="Simple Contains" id="07864295-bb4c-4bdf-b133-e2c48f6be62d" name="Contains"><con:configuration><token>true</token><ignoreCase>false</ignoreCase><useRegEx>false</useRegEx></con:configuration></con:assertion><con:credentials><con:authType>No Authorization</con:authType></con:credentials><con:jmsConfig JMSDeliveryMode="PERSISTENT"/><con:jmsPropertyConfig/><con:wsaConfig mustUnderstand="NONE" version="200508"/><con:wsrmConfig version="1.2"/></con:request></con:config></con:testStep><con:properties/></con:testCase><con:properties/></con:testSuite><con:properties/><con:wssContainer/><con:oAuth2ProfileContainer/><con:oAuth1ProfileContainer/></con:soapui-project>