<?xml version="1.0" encoding="UTF-8"?>
<con:soapui-project id="4d90cfb1-4846-4d43-a0ce-646ce8da3cbe" activeEnvironment="Default" name="Conversions" soapui-version="5.6.0" abortOnError="false" runType="SEQUENTIAL" resourceRoot="${projectDir}" xmlns:con="http://eviware.com/soapui/config"><con:settings/><con:interface xsi:type="con:WsdlInterface" id="4178b0b1-3fe0-41b3-800a-f0adf8a4181d" wsaVersion="NONE" name="NumberConversionSoapBinding" type="wsdl" bindingName="{http://www.dataaccess.com/webservicesserver/}NumberConversionSoapBinding" soapVersion="1_1" anonymous="optional" definition="https://www.dataaccess.com/webservicesserver/numberconversion.wso?WSDL" xmlns:xsi="http://www.w3.org/2001/XMLSchema-instance"><con:settings/><con:definitionCache/><con:endpoints><con:endpoint>https://www.dataaccess.com/webservicesserver/numberconversion.wso</con:endpoint></con:endpoints><con:operation id="962ca15d-690c-405c-a0b5-50d671398d9e" isOneWay="false" action="" name="NumberToDollars" bindingOperationName="NumberToDollars" type="Request-Response" inputName="" receivesAttachments="false" sendsAttachments="false" anonymous="optional"><con:settings/><con:call id="2d6c1bae-2eec-4db0-b6a6-23a816819f7f" name="Request 1"><con:settings><con:setting id="com.eviware.soapui.impl.wsdl.WsdlRequest@request-headers">&lt;xml-fragment/></con:setting></con:settings><con:encoding>UTF-8</con:encoding><con:endpoint>https://www.dataaccess.com/webservicesserver/numberconversion.wso</con:endpoint><con:request><![CDATA[<soapenv:Envelope xmlns:soapenv="http://schemas.xmlsoap.org/soap/envelope/" xmlns:web="http://www.dataaccess.com/webservicesserver/">\r
   <soapenv:Header/>\r
   <soapenv:Body>\r
      <web:NumberToDollars>\r
         <web:dNum>10</web:dNum>\r
      </web:NumberToDollars>\r
   </soapenv:Body>\r
</soapenv:Envelope>]]></con:request><con:credentials><con:authType>No Authorization</con:authType></con:credentials><con:jmsConfig JMSDeliveryMode="PERSISTENT"/><con:jmsPropertyConfig/><con:wsaConfig mustUnderstand="NONE" version="200508" action="http://www.dataaccess.com/webservicesserver/NumberConversionSoapType/NumberToDollarsRequest"/><con:wsrmConfig version="1.2"/></con:call></con:operation><con:operation id="cbac221c-d465-4ab3-b834-bb593244d179" isOneWay="false" action="" name="NumberToWords" bindingOperationName="NumberToWords" type="Request-Response" inputName="" receivesAttachments="false" sendsAttachments="false" anonymous="optional"><con:settings/><con:call id="4ce76872-9e02-47cf-9ebd-c8ef665eb34f" name="Request 1"><con:settings><con:setting id="com.eviware.soapui.impl.wsdl.WsdlRequest@request-headers">&lt;xml-fragment/></con:setting></con:settings><con:encoding>UTF-8</con:encoding><con:endpoint>https://www.dataaccess.com/webservicesserver/numberconversion.wso</con:endpoint><con:request><![CDATA[<soapenv:Envelope xmlns:soapenv="http://schemas.xmlsoap.org/soap/envelope/" xmlns:web="http://www.dataaccess.com/webservicesserver/">\r
   <soapenv:Header/>\r
   <soapenv:Body>\r
      <web:NumberToWords>\r
         <web:ubiNum>28</web:ubiNum>\r
      </web:NumberToWords>\r
   </soapenv:Body>\r
</soapenv:Envelope>]]></con:request><con:credentials><con:authType>No Authorization</con:authType></con:credentials><con:jmsConfig JMSDeliveryMode="PERSISTENT"/><con:jmsPropertyConfig/><con:wsaConfig mustUnderstand="NONE" version="200508" action="http://www.dataaccess.com/webservicesserver/NumberConversionSoapType/NumberToWordsRequest"/><con:wsrmConfig version="1.2"/></con:call></con:operation></con:interface><con:testSuite id="16a3c497-f3d3-4124-af6e-1e3b20cc5f10" name="NumberConversionSoapBinding TestSuite"><con:settings/><con:runType>SEQUENTIAL</con:runType><con:testCase id="3312f8e5-a9a5-4a44-acba-04ac41b5e4d9" failOnError="true" failTestCaseOnErrors="true" keepSession="false" maxResults="0" name="NumberToDollars TestCase" searchProperties="true"><con:settings/><con:testStep type="request" id="96ed2e28-a0f1-4fa9-aaeb-83132dbd26b4" name="NumberToDollars"><con:settings/><con:config xsi:type="con:RequestStep" xmlns:xsi="http://www.w3.org/2001/XMLSchema-instance"><con:interface>NumberConversionSoapBinding</con:interface><con:operation>NumberToDollars</con:operation><con:request name="NumberToDollars" id="d8ad8e2f-ebc2-4c69-9520-68dd4fbd71a4"><con:settings><con:setting id="com.eviware.soapui.impl.wsdl.WsdlRequest@request-headers">&lt;xml-fragment/></con:setting></con:settings><con:encoding>UTF-8</con:encoding><con:endpoint>https://www.dataaccess.com/webservicesserver/numberconversion.wso</con:endpoint><con:request><![CDATA[<soapenv:Envelope xmlns:soapenv="http://schemas.xmlsoap.org/soap/envelope/" xmlns:web="http://www.dataaccess.com/webservicesserver/">\r
   <soapenv:Header/>\r
   <soapenv:Body>\r
      <web:NumberToDollars>\r
         <web:dNum>100</web:dNum>\r
      </web:NumberToDollars>\r
   </soapenv:Body>\r
</soapenv:Envelope>]]></con:request><con:assertion type="Simple Contains" id="f7092055-ea87-4ce8-b55a-5e26f323004f" name="Contains"><con:configuration><token>one hundred dollars</token><ignoreCase>false</ignoreCase><useRegEx>false</useRegEx></con:configuration></con:assertion><con:assertion type="Simple Contains" id="e45bea8e-ba24-4fcf-af48-4163bc5c7830" name="Contains 1"><con:configuration><token>one hundred dollars</token><ignoreCase>false</ignoreCase><useRegEx>false</useRegEx></con:configuration></con:assertion><con:credentials><con:authType>No Authorization</con:authType></con:credentials><con:jmsConfig JMSDeliveryMode="PERSISTENT"/><con:jmsPropertyConfig/><con:wsaConfig action="http://www.dataaccess.com/webservicesserver/NumberConversionSoapType/NumberToDollarsRequest" mustUnderstand="NONE" version="200508"/><con:wsrmConfig version="1.2"/></con:request></con:config></con:testStep><con:testStep type="request" name="Number To Dollars2" id="788f512c-a466-4f2d-9ba2-aa6a54ee4444"><con:settings/><con:config xsi:type="con:RequestStep" xmlns:xsi="http://www.w3.org/2001/XMLSchema-instance"><con:interface>NumberConversionSoapBinding</con:interface><con:operation>NumberToDollars</con:operation><con:request name="Number To Dollars2" id="9cd8990a-2076-41ad-850e-d158ad0a87d1"><con:settings><con:setting id="com.eviware.soapui.impl.wsdl.WsdlRequest@request-headers">&lt;xml-fragment/></con:setting></con:settings><con:encoding>UTF-8</con:encoding><con:endpoint>https://www.dataaccess.com/webservicesserver/numberconversion.wso</con:endpoint><con:request><![CDATA[<soapenv:Envelope xmlns:soapenv="http://schemas.xmlsoap.org/soap/envelope/" xmlns:web="http://www.dataaccess.com/webservicesserver/">\r
   <soapenv:Header/>\r
   <soapenv:Body>\r
      <web:NumberToDollars>\r
         <web:dNum>1000</web:dNum>\r
      </web:NumberToDollars>\r
   </soapenv:Body>\r
</soapenv:Envelope>]]></con:request><con:assertion type="SOAP Response" id="477f9e61-fa39-4fee-9632-4a19e3e8c98d"/><con:credentials><con:authType>No Authorization</con:authType></con:credentials><con:jmsConfig JMSDeliveryMode="PERSISTENT"/><con:jmsPropertyConfig/><con:wsaConfig mustUnderstand="NONE" version="200508"/><con:wsrmConfig version="1.2"/></con:request></con:config></con:testStep><con:testStep type="request" name="Number To Dollars3" id="59d0cfde-1542-4734-b25e-882ebc809c5a"><con:settings/><con:config xsi:type="con:RequestStep" xmlns:xsi="http://www.w3.org/2001/XMLSchema-instance"><con:interface>NumberConversionSoapBinding</con:interface><con:operation>NumberToDollars</con:operation><con:request name="Number To Dollars3" id="0df1da99-ce99-4f23-81fa-c57ce4c8ee34"><con:settings><con:setting id="com.eviware.soapui.impl.wsdl.WsdlRequest@request-headers">&lt;xml-fragment/></con:setting></con:settings><con:encoding>UTF-8</con:encoding><con:endpoint>https://www.dataaccess.com/webservicesserver/numberconversion.wso</con:endpoint><con:request><![CDATA[<soapenv:Envelope xmlns:soapenv="http://schemas.xmlsoap.org/soap/envelope/" xmlns:web="http://www.dataaccess.com/webservicesserver/">\r
   <soapenv:Header/>\r
   <soapenv:Body>\r
      <web:NumberToDollars>\r
         <web:dNum>1098</web:dNum>\r
      </web:NumberToDollars>\r
   </soapenv:Body>\r
</soapenv:Envelope>]]></con:request><con:assertion type="SOAP Response" id="5acafb8b-15b3-456e-9443-df16d1ecab90"/><con:credentials><con:authType>No Authorization</con:authType></con:credentials><con:jmsConfig JMSDeliveryMode="PERSISTENT"/><con:jmsPropertyConfig/><con:wsaConfig mustUnderstand="NONE" version="200508"/><con:wsrmConfig version="1.2"/></con:request></con:config></con:testStep><con:properties/></con:testCase><con:testCase id="c533b319-6762-4555-8769-be2714ce337e" failOnError="true" failTestCaseOnErrors="true" keepSession="false" maxResults="0" name="NumberToWords TestCase" searchProperties="true"><con:settings/><con:testStep type="request" id="4a7f9b3d-61f1-4f8a-b59a-3eee63dd89d0" name="NumberToWords"><con:settings/><con:config xsi:type="con:RequestStep" xmlns:xsi="http://www.w3.org/2001/XMLSchema-instance"><con:interface>NumberConversionSoapBinding</con:interface><con:operation>NumberToWords</con:operation><con:request name="NumberToWords" id="a694c3a8-0831-4ad9-98df-d19584c129ce"><con:settings><con:setting id="com.eviware.soapui.impl.wsdl.WsdlRequest@request-headers">&lt;xml-fragment/></con:setting></con:settings><con:encoding>UTF-8</con:encoding><con:endpoint>https://www.dataaccess.com/webservicesserver/numberconversion.wso</con:endpoint><con:request><![CDATA[<soapenv:Envelope xmlns:soapenv="http://schemas.xmlsoap.org/soap/envelope/" xmlns:web="http://www.dataaccess.com/webservicesserver/">\r
   <soapenv:Header/>\r
   <soapenv:Body>\r
      <web:NumberToWords>\r
         <web:ubiNum>500</web:ubiNum>\r
      </web:NumberToWords>\r
   </soapenv:Body>\r
</soapenv:Envelope>]]></con:request><con:assertion type="Simple Contains" id="7a2ce93e-86e5-4f82-b358-0e4fd2983ce0" name="Contains"><con:configuration><token>five hundred</token><ignoreCase>false</ignoreCase><useRegEx>false</useRegEx></con:configuration></con:assertion><con:credentials><con:authType>No Authorization</con:authType></con:credentials><con:jmsConfig JMSDeliveryMode="PERSISTENT"/><con:jmsPropertyConfig/><con:wsaConfig action="http://www.dataaccess.com/webservicesserver/NumberConversionSoapType/NumberToWordsRequest" mustUnderstand="NONE" version="200508"/><con:wsrmConfig version="1.2"/></con:request></con:config></con:testStep><con:testStep type="request" name="NumberToWords2" id="489c41f6-b70f-4ebf-82a0-f2a0e33cf778"><con:settings/><con:config xsi:type="con:RequestStep" xmlns:xsi="http://www.w3.org/2001/XMLSchema-instance"><con:interface>NumberConversionSoapBinding</con:interface><con:operation>NumberToDollars</con:operation><con:request name="NumberToWords2" id="a26b852b-29a9-4733-a5d0-925a6e625ab6"><con:settings><con:setting id="com.eviware.soapui.impl.wsdl.WsdlRequest@request-headers">&lt;xml-fragment/></con:setting></con:settings><con:encoding>UTF-8</con:encoding><con:endpoint>https://www.dataaccess.com/webservicesserver/numberconversion.wso</con:endpoint><con:request><![CDATA[<soapenv:Envelope xmlns:soapenv="http://schemas.xmlsoap.org/soap/envelope/" xmlns:web="http://www.dataaccess.com/webservicesserver/">\r
   <soapenv:Header/>\r
   <soapenv:Body>\r
      <web:NumberToDollars>\r
         <web:dNum>1038</web:dNum>\r
      </web:NumberToDollars>\r
   </soapenv:Body>\r
</soapenv:Envelope>]]></con:request><con:assertion type="SOAP Response" id="15e89372-c8c6-4d89-b1a4-1b11c9b4751e"/><con:credentials><con:authType>No Authorization</con:authType></con:credentials><con:jmsConfig JMSDeliveryMode="PERSISTENT"/><con:jmsPropertyConfig/><con:wsaConfig mustUnderstand="NONE" version="200508"/><con:wsrmConfig version="1.2"/></con:request></con:config></con:testStep><con:testStep type="request" name="NumberToWords3" id="9c5f9d8d-8ee5-41df-8de7-32127015001c"><con:settings/><con:config xsi:type="con:RequestStep" xmlns:xsi="http://www.w3.org/2001/XMLSchema-instance"><con:interface>NumberConversionSoapBinding</con:interface><con:operation>NumberToDollars</con:operation><con:request name="NumberToWords3" id="7b43e751-7284-4432-870a-6db387fa18ea"><con:settings><con:setting id="com.eviware.soapui.impl.wsdl.WsdlRequest@request-headers">&lt;xml-fragment/></con:setting></con:settings><con:encoding>UTF-8</con:encoding><con:endpoint>https://www.dataaccess.com/webservicesserver/numberconversion.wso</con:endpoint><con:request><![CDATA[<soapenv:Envelope xmlns:soapenv="http://schemas.xmlsoap.org/soap/envelope/" xmlns:web="http://www.dataaccess.com/webservicesserver/">\r
   <soapenv:Header/>\r
   <soapenv:Body>\r
      <web:NumberToDollars>\r
         <web:dNum>10947835</web:dNum>\r
      </web:NumberToDollars>\r
   </soapenv:Body>\r
</soapenv:Envelope>]]></con:request><con:assertion type="SOAP Response" id="8ffc0709-7502-4e70-972a-5faf6aee9029"/><con:credentials><con:authType>No Authorization</con:authType></con:credentials><con:jmsConfig JMSDeliveryMode="PERSISTENT"/><con:jmsPropertyConfig/><con:wsaConfig mustUnderstand="NONE" version="200508"/><con:wsrmConfig version="1.2"/></con:request></con:config></con:testStep><con:properties/></con:testCase><con:properties/></con:testSuite><con:properties/><con:wssContainer/><con:oAuth2ProfileContainer/><con:oAuth1ProfileContainer/><con:sensitiveInformation/></con:soapui-project>